frame_start	frame_end	highbinding	left_cerebral_white_matter	left_cerebellum_white_matter	left_cerebellum_cortex	left_thalamus	left_caudate	left_putamen	left_pallidum	brain_stem	left_hippocampus	left_amygdala	csf	left_accumbens_area	left_ventraldc	left_choroid_plexus	right_cerebral_white_matter	right_cerebellum_white_matter	right_cerebellum_cortex	right_thalamus	right_caudate	right_putamen	right_pallidum	right_hippocampus	right_amygdala	right_accumbens_area	right_ventraldc	right_choroid_plexus	aircavity	skull	vermis	pons	csf_extracerebral	head_extracerebral	ctx_lh_bankssts	ctx_lh_caudalanteriorcingulate	ctx_lh_caudalmiddlefrontal	ctx_lh_cuneus	ctx_lh_entorhinal	ctx_lh_fusiform	ctx_lh_inferiorparietal	ctx_lh_inferiortemporal	ctx_lh_isthmuscingulate	ctx_lh_lateraloccipital	ctx_lh_lateralorbitofrontal	ctx_lh_lingual	ctx_lh_medialorbitofrontal	ctx_lh_middletemporal	ctx_lh_parahippocampal	ctx_lh_paracentral	ctx_lh_parsopercularis	ctx_lh_parsorbitalis	ctx_lh_parstriangularis	ctx_lh_pericalcarine	ctx_lh_postcentral	ctx_lh_posteriorcingulate	ctx_lh_precentral	ctx_lh_precuneus	ctx_lh_rostralanteriorcingulate	ctx_lh_rostralmiddlefrontal	ctx_lh_superiorfrontal	ctx_lh_superiorparietal	ctx_lh_superiortemporal	ctx_lh_supramarginal	ctx_lh_frontalpole	ctx_lh_temporalpole	ctx_lh_transversetemporal	ctx_lh_insula	ctx_rh_bankssts	ctx_rh_caudalanteriorcingulate	ctx_rh_caudalmiddlefrontal	ctx_rh_cuneus	ctx_rh_entorhinal	ctx_rh_fusiform	ctx_rh_inferiorparietal	ctx_rh_inferiortemporal	ctx_rh_isthmuscingulate	ctx_rh_lateraloccipital	ctx_rh_lateralorbitofrontal	ctx_rh_lingual	ctx_rh_medialorbitofrontal	ctx_rh_middletemporal	ctx_rh_parahippocampal	ctx_rh_paracentral	ctx_rh_parsopercularis	ctx_rh_parsorbitalis	ctx_rh_parstriangularis	ctx_rh_pericalcarine	ctx_rh_postcentral	ctx_rh_posteriorcingulate	ctx_rh_precentral	ctx_rh_precuneus	ctx_rh_rostralanteriorcingulate	ctx_rh_rostralmiddlefrontal	ctx_rh_superiorfrontal	ctx_rh_superiorparietal	ctx_rh_superiortemporal	ctx_rh_supramarginal	ctx_rh_frontalpole	ctx_rh_temporalpole	ctx_rh_transversetemporal	ctx_rh_insula	reference
0	15	-6.33254672e-07	6.836044690317067e-07	0	0	0	0	0	0	0	0	0	0	0	0	0	5.370667167881038e-06	0	0	0	0	0	0	0	0	0	0	0	0	2.360149835567427e-07	0	0	1.443438009118836e-07	0	0	0	0	0	0	0	0	0	0	0	0	0	0	0	0	0	0	0	0	0	1.309556523665378e-06	0	0	0	0	2.87405782728456e-07	0	0	0	0	0	0	0	0	0	0	0	0	0	0	0	0	0	0	0	0	0	0	0	0	0	0	0.0001934719330165535	0	0	0	9.151793101125349e-09	0	0	0	0	0	0	8.955658263587463e-12	0	0	0	4.254475243214983e-07	2.67225701e-07
15	30	0.053262136876583	0.09327986091375351	0.04090946540236473	0.08325518667697906	0.07636965066194534	0.06984476000070572	0.04954805597662926	0.1575717926025391	0.1205904483795166	0.0529358759522438	0.137830838561058	0.07235307991504669	0.01131663005799055	0.1169810518622398	0.06537411361932755	0.07935462146997452	0.07016449421644211	0.08621379733085632	0.047962486743927	0.05237589403986931	0.05764282867312431	0.03922310471534729	0.1854357719421387	0.08988871425390244	0.01826706156134605	0.06583396345376968	0.01036240719258785	0.03521797433495522	0.03428412973880768	0.03684813156723976	0.04388144984841347	0.07892508804798126	0.02203915826976299	0.0560184083878994	0.1239804998040199	0.06804091483354568	0.07026761770248413	0.08369336277246475	0.05146945267915726	0.08727194368839264	0.04880416393280029	0.141088455915451	0.04679710045456886	0.116313673555851	0.03034855239093304	0.0546131432056427	0.08059904724359512	0.1048816815018654	0.20616215467453	0.1071590781211853	0.1735774427652359	0.1248563528060913	0.0297439768910408	0.0688910037279129	0.158525139093399	0.09870903193950653	0.1076940596103668	0.04145148769021034	0.1210222914814949	0.07475563138723373	0.0781075730919838	0.1366473138332367	0.07489348948001862	0.07760759443044662	0.1111721396446228	0.05297619476914406	0.1575240790843964	0.09802833199501038	0.05454925075173378	0.05939185619354248	0.03536920249462128	0.0990312248468399	0.06699860841035843	0.07727063447237015	0.08010825514793396	0.08629082888364792	0.07852035760879517	0.1222562938928604	0.1494242697954178	0.08955521881580353	0.08758021146059036	0.04288777336478233	0.1741746068000793	0.08096684515476227	0.05884085595607758	0.04100846126675606	0.0573696605861187	0.09850297868251801	0.2494178414344788	0.05609952658414841	0.1084889993071556	0.03984326496720314	0.08684742450714111	0.07563717663288116	0.06434498727321625	0.1577722877264023	0.08839387446641922	0.04610024020075798	0.01546413451433182	0.08343847841024399	0.1119649857282639	0.086656332015991
30	45	1.228342056274414	1.001427292823792	0.8930625319480896	1.759067058563232	1.46074104309082	1.068370819091797	1.359577894210815	1.330557823181152	1.402289509773254	1.678668260574341	1.927469730377197	1.142161846160889	1.069208383560181	1.598906278610229	1.996479868888855	0.9507592916488647	0.9716499447822571	1.623917579650879	0.7968142032623291	1.153116106987	1.350123882293701	1.133956551551819	1.320592880249023	1.968644738197327	2.154773235321045	1.364423871040344	0.8549730777740479	0.861885130405426	0.8664834499359131	1.607824325561523	1.279837727546692	2.634564876556396	0.9396141767501831	1.286825180053711	1.643946409225464	1.00271213054657	1.224175333976746	2.237444639205933	1.28691565990448	1.397372364997864	1.436165809631348	1.770771026611328	1.584164619445801	1.343602061271667	1.820860147476196	1.279945850372314	1.407275557518005	1.503735542297363	1.311316728591919	1.640742063522339	1.13507080078125	1.652227282524109	1.501886963844299	1.40264880657196	1.305522918701172	1.275421261787415	1.303530931472778	2.081488847732544	1.164690971374512	1.491527199745178	1.194865822792053	1.775753974914551	1.396115779876709	2.540665626525879	1.780673980712891	2.02559494972229	1.8990718126297	1.621242523193359	1.311076641082764	1.019863128662109	2.31479024887085	1.428834915161133	1.434044361114502	1.430696845054626	1.346349477767944	1.288549184799194	1.544028639793396	1.34097421169281	1.965051531791687	1.604244232177734	1.24145233631134	1.82945454120636	1.52482795715332	1.816025018692017	1.353976368904114	1.624333262443542	1.637775659561157	1.401861310005188	1.855763912200928	1.123548626899719	1.435795187950134	1.756375432014465	1.130334377288818	1.206167817115784	1.272179961204529	1.866196990013123	1.427300930023193	1.021821022033691	1.718172311782837	2.248226404190063	1.845928311347961	1.599759697914124
45	60	3.045679807662964	2.381181716918945	2.574062824249268	5.093651294708252	3.412535190582275	2.052930355072021	3.593589782714844	2.944292068481445	3.302084445953369	3.736141443252563	3.617862224578857	3.325187206268311	2.310780048370361	3.478769302368164	3.996038198471069	2.387916803359985	2.6226966381073	4.761024951934814	3.444859266281128	2.626012086868286	2.773915767669678	2.659036636352539	3.858117341995239	2.947925090789795	2.499516010284424	3.144844532012939	6.671060085296631	2.847589015960693	2.775675773620605	3.812853097915649	3.04690408706665	6.799481868743896	3.213265895843506	3.242342948913574	3.306386947631836	3.244737863540649	3.960833311080933	3.258674144744873	3.461894512176514	3.794981956481934	3.937739849090576	5.713502883911133	3.965067863464355	3.11185097694397	4.230139255523682	2.917455673217773	3.147509813308716	3.227019071578979	3.79283332824707	3.795974016189575	3.662840604782104	4.073006153106689	4.407412528991699	3.132733345031738	3.334563016891479	3.338290929794312	3.797081470489502	3.664548397064209	3.101757526397705	3.712826013565063	3.459191799163818	3.743731737136841	3.427206993103027	4.883114337921143	4.180461406707764	6.268416404724121	4.3416428565979	3.305714845657349	3.091146945953369	3.0008385181427	5.296801090240479	2.939913988113403	3.795321702957153	3.631384134292603	3.053920030593872	4.994280815124512	3.857431411743164	3.211127042770386	4.78924560546875	3.919808149337769	2.973725080490112	3.762567758560181	2.714268684387207	3.903322696685791	3.406664133071899	3.512806177139282	3.847625732421875	3.179433822631836	2.929826021194458	3.284253597259521	3.714698314666748	3.921607732772827	3.322600841522217	3.264936685562134	3.37819242477417	4.450932025909424	3.458972692489624	3.510358333587646	3.907528877258301	3.970026254653931	4.182431221008301	4.765223264694214
60	75	3.927817344665527	3.574821949005127	3.86844539642334	7.088691234588623	4.707350254058838	3.704466819763184	4.16062068939209	3.965136289596558	4.788673400878906	6.275543689727783	4.867501258850098	5.257404327392578	4.943729877471924	5.318166732788086	6.984290599822998	3.532208204269409	3.809969425201416	7.124369621276855	4.393990993499756	3.768537759780884	3.409900665283203	3.588160753250122	4.811983108520508	4.256203174591064	2.606158018112183	3.452459812164307	9.49665641784668	4.03615665435791	4.565348625183105	5.53167200088501	4.743184089660645	9.461117744445801	5.432034492492676	5.949045181274414	5.407399654388428	4.42636251449585	6.522716522216797	5.081538677215576	5.079970836639404	5.17623233795166	4.732451438903809	7.193012237548828	6.46347713470459	4.779610633850098	7.01505184173584	5.563234329223633	5.195471286773682	3.851263761520386	4.463643550872803	5.143762111663818	4.98101282119751	5.906169414520264	5.261922836303711	5.153764247894287	4.590244293212891	5.028141021728516	5.523556232452393	5.955698490142822	4.833382606506348	5.401048183441162	5.220901489257812	5.587879180908203	5.236845970153809	7.554576396942139	7.114763259887695	7.136766910552979	4.803823947906494	5.428690433502197	4.981902599334717	4.917723655700684	7.546579360961914	3.38520884513855	4.680037975311279	5.036203384399414	4.922897815704346	6.081982612609863	5.610025405883789	4.846401691436768	7.331040859222412	4.393163204193115	4.886608600616455	4.002108097076416	4.629794120788574	4.753271102905273	4.675084114074707	5.197911739349365	5.958623886108398	4.803413391113281	5.053569793701172	4.852283954620361	5.130824089050293	4.556722640991211	5.228660106658936	4.946305274963379	5.256828784942627	6.121609210968018	4.970828533172607	5.547353744506836	5.741818904876709	8.01265811920166	5.978846073150635	6.957276582717896
75	90	5.125576496124268	4.412249088287354	5.039740085601807	8.658966064453125	7.000877380371094	5.0109543800354	5.643092632293701	4.699315547943115	5.414493560791016	6.503759860992432	7.542311668395996	5.682982444763184	8.482890129089355	5.236258029937744	8.075512886047363	4.52260160446167	4.621181488037109	8.715784072875977	4.793188095092773	3.568784713745117	5.12835693359375	5.056785106658936	5.565554618835449	5.9646315574646	6.071949005126953	4.576262474060059	7.018306255340576	5.358993053436279	5.86714506149292	8.320147514343262	5.592252254486084	11.26146984100342	7.069659233093262	7.818983554840088	4.892067909240723	5.721968650817871	7.512225151062012	5.832557678222656	6.164555072784424	6.368654727935791	5.786355495452881	10.05651950836182	8.337770462036133	5.497611999511719	8.474249839782715	5.789187908172607	5.809381008148193	5.978998184204102	6.267181396484375	6.47687292098999	6.18146800994873	6.849168300628662	7.639994621276855	6.359342098236084	6.261851787567139	6.528322219848633	6.794501304626465	6.422961235046387	5.796482563018799	6.616243839263916	6.20844030380249	7.249696731567383	6.732972621917725	7.975227355957031	6.849967479705811	7.402402877807617	6.586342334747314	7.261524677276611	5.807137489318848	5.451113224029541	9.624447822570801	5.599885940551758	6.025179862976074	6.566837310791016	5.988645553588867	6.989468574523926	7.398786067962646	6.777509689331055	8.928012847900391	6.414085388183594	5.891852378845215	6.538555145263672	6.516048908233643	7.285708904266357	5.33613395690918	6.703956604003906	7.839956760406494	6.440065383911133	6.742691040039062	6.502583980560303	6.650447845458984	6.009664535522461	6.202459335327148	5.99149751663208	6.427810668945312	6.958532810211182	6.825399398803711	7.66417121887207	4.250209331512451	9.170226097106934	7.207316398620605	8.492827415466309
90	105	6.788468360900879	5.667840480804443	6.246459007263184	10.67859077453613	7.338726997375488	5.767954349517822	7.482456684112549	5.980818748474121	6.671263217926025	6.919204711914062	7.899416446685791	6.717685222625732	6.465621471405029	7.189938068389893	7.546021938323975	5.620541572570801	6.144032955169678	10.15949630737305	6.562256336212158	5.558193206787109	6.972380638122559	4.984839916229248	8.200786590576172	7.454850196838379	7.147633075714111	6.2602858543396	10.95813369750977	6.414309501647949	7.240916728973389	9.775550842285156	5.820286750793457	12.76503086090088	8.765220642089844	7.056766510009766	6.092791080474854	7.415614604949951	10.59994506835938	6.652289390563965	7.402315139770508	8.561651229858398	7.32405948638916	10.61042976379395	10.03758716583252	6.898336887359619	9.821709632873535	7.623045444488525	7.865749835968018	7.092298030853271	8.208793640136719	8.548242568969727	7.950567722320557	10.06516361236572	9.505773544311523	8.205269813537598	6.342031478881836	8.255547523498535	7.345763683319092	7.936698913574219	7.564630508422852	7.422518253326416	8.438739776611328	8.410860061645508	8.273713111877441	8.956701278686523	9.650611877441406	9.975828170776367	8.15467643737793	9.029501914978027	6.405808925628662	7.362154960632324	11.64898204803467	7.32166576385498	6.547441482543945	8.11923885345459	7.23797607421875	8.922029495239258	9.31295108795166	8.053670883178711	10.91162300109863	8.389509201049805	7.482108592987061	8.874635696411133	7.15161657333374	9.038965225219727	6.703957557678223	8.249817848205566	8.705175399780273	8.345890998840332	7.024978637695312	7.510839462280273	7.515510559082031	8.553706169128418	7.866214752197266	7.739601612091064	7.994105339050293	8.568637847900391	8.118243217468262	7.109745979309082	7.689541339874268	11.00637054443359	8.277370452880859	10.35764455795288
105	120	7.376237392425537	6.816531658172607	7.194247245788574	12.79306507110596	8.58748722076416	6.419445514678955	7.755457878112793	5.461386680603027	7.463034152984619	8.251644134521484	9.924903869628906	8.475112915039062	6.113000869750977	7.910428524017334	11.13026237487793	6.523410797119141	7.434348106384277	12.00526523590088	7.773720264434814	6.395637989044189	7.023470878601074	6.122560501098633	8.252553939819336	6.47746467590332	7.97316837310791	6.646981239318848	13.05593681335449	7.453527450561523	8.727550506591797	10.22045612335205	7.407425403594971	15.12545776367188	10.50363922119141	7.996712207794189	8.535954475402832	8.19255256652832	10.55303859710693	9.927410125732422	9.073271751403809	9.965877532958984	8.849086761474609	10.64548015594482	12.51494407653809	9.130451202392578	11.08931446075439	9.193021774291992	9.298781394958496	8.407893180847168	9.047113418579102	10.45254802703857	10.72864151000977	9.246677398681641	12.27947330474854	10.45511627197266	8.071123123168945	9.840265274047852	9.811590194702148	9.982930183410645	9.954039573669434	9.332359313964844	10.17007350921631	10.23871040344238	9.755925178527832	11.87576198577881	10.67672443389893	11.45929431915283	9.6007080078125	9.826995849609375	8.041513442993164	8.470348358154297	11.94023418426514	7.195483684539795	8.937006950378418	9.860709190368652	9.02949333190918	11.2488317489624	11.1004695892334	8.924412727355957	12.18569374084473	8.860482215881348	9.322521209716797	7.99288272857666	8.649107933044434	10.59164524078369	9.331178665161133	9.141435623168945	12.28799152374268	8.742924690246582	7.139626026153564	9.34161376953125	9.915412902832031	7.27937126159668	8.758578300476074	8.846978187561035	10.06927871704102	10.52548599243164	9.295493125915527	6.39470386505127	9.158670425415039	12.40454578399658	9.361950874328613	12.35239744186401
120	135	8.301071166992188	7.81780481338501	8.45988655090332	14.79543304443359	10.16578769683838	6.75066089630127	9.031767845153809	8.986571311950684	8.319878578186035	8.811468124389648	7.873148441314697	8.268590927124023	11.47375583648682	8.677793502807617	10.77702236175537	7.755698680877686	8.292957305908203	14.49301815032959	8.146859169006348	7.338864326477051	8.028297424316406	5.941980838775635	8.637997627258301	7.844635963439941	7.952049732208252	8.437594413757324	14.89903163909912	8.820705413818359	10.18501567840576	13.87998008728027	7.609034061431885	17.65022087097168	12.55013751983643	11.35927677154541	8.961546897888184	9.759183883666992	12.73349857330322	9.875253677368164	10.06384468078613	11.48319149017334	11.47118186950684	13.94531345367432	15.04057216644287	10.28689956665039	14.18198776245117	9.535984992980957	9.94780158996582	9.300344467163086	11.62639808654785	11.42149925231934	11.21953296661377	11.6175012588501	15.25491714477539	11.34726142883301	9.182676315307617	11.58761024475098	10.77628040313721	9.122076988220215	10.83443069458008	10.78873157501221	11.34805774688721	11.62055587768555	11.65927124023438	10.74659061431885	12.57524013519287	14.89351177215576	10.36976146697998	11.87235164642334	9.299807548522949	10.12594985961914	15.82775115966797	9.268734931945801	10.34007549285889	10.84893226623535	10.44877052307129	11.71113014221191	13.42195224761963	9.186219215393066	14.53214836120605	10.31998634338379	10.46969032287598	10.19080352783203	9.572719573974609	12.56892395019531	10.41898632049561	10.87655258178711	13.12090301513672	11.05162620544434	9.541309356689453	10.45699787139893	12.16535186767578	8.803903579711914	10.92056560516357	10.20598983764648	11.90506172180176	12.68915176391602	11.32067012786865	10.37367820739746	7.577689170837402	13.41885566711426	10.47296237945557	14.55105638504028
135	150	9.069188117980957	8.19371509552002	8.622576713562012	15.4831485748291	10.73789310455322	8.837425231933594	8.525446891784668	7.825751781463623	8.608097076416016	8.690003395080566	9.212615966796875	9.330020904541016	10.41836261749268	8.759794235229492	12.94715881347656	8.046518325805664	8.758403778076172	14.44244766235352	9.327438354492188	6.458143711090088	9.193634033203125	6.450254917144775	11.08356380462646	6.984004020690918	8.11609935760498	8.793211936950684	13.98190879821777	9.786110877990723	11.09426021575928	13.98804569244385	8.452558517456055	17.33057975769043	13.9237003326416	11.03227710723877	10.39334964752197	10.65324592590332	13.54780960083008	9.902007102966309	11.89726161956787	13.01529502868652	11.00013637542725	13.26995372772217	15.50515460968018	9.728161811828613	13.09826374053955	10.1655855178833	11.12406921386719	8.891463279724121	11.12027645111084	12.32040119171143	9.874166488647461	11.50654411315918	14.36759567260742	11.90372180938721	10.37121963500977	11.44752025604248	12.54077243804932	10.48894023895264	11.86244869232178	11.2277889251709	12.88815116882324	12.17971420288086	12.4599142074585	10.28408241271973	10.55588817596436	12.29069995880127	9.818527221679688	13.34828853607178	9.327217102050781	10.4846134185791	17.20959281921387	9.474385261535645	10.90864562988281	11.77960109710693	10.92205810546875	12.44974517822266	13.2648401260376	9.351140022277832	15.80055809020996	10.39676475524902	10.55947589874268	10.13200759887695	11.93313312530518	12.04406642913818	10.56720066070557	10.85135173797607	12.61871719360352	12.23949146270752	10.35117530822754	10.75564002990723	11.78495311737061	8.846526145935059	11.6329174041748	10.83169555664062	11.96142959594727	11.21647071838379	11.10123157501221	11.05304050445557	10.9970703125	14.4147891998291	10.94071674346924	15.00783824920654
150	165	9.880657196044922	8.42640495300293	9.567262649536133	15.28779220581055	12.38236713409424	9.472054481506348	9.885822296142578	9.462779998779297	9.090261459350586	9.414393424987793	8.601375579833984	9.01850700378418	10.17541217803955	8.904955863952637	12.36865711212158	8.193807601928711	8.706652641296387	15.14400863647461	9.207319259643555	6.22716760635376	9.709546089172363	6.750666618347168	8.255275726318359	6.164412975311279	9.482815742492676	8.426475524902344	16.26405715942383	10.12410354614258	11.61294174194336	17.60772895812988	7.468944549560547	16.88619613647461	14.75941753387451	13.41872215270996	10.24266529083252	10.5690279006958	14.07384014129639	9.509988784790039	11.01210308074951	12.03241062164307	11.33005332946777	13.40859603881836	15.26889133453369	11.31754589080811	16.03931045532227	9.592058181762695	11.12033653259277	7.873688697814941	11.55538463592529	12.13004302978516	11.38224315643311	12.39613342285156	13.0255765914917	12.43782138824463	9.919044494628906	11.9773473739624	11.85619354248047	9.283246994018555	11.80415058135986	12.42196750640869	12.56525707244873	12.28199672698975	12.34864044189453	13.43988990783691	9.245203971862793	11.81055927276611	10.08356761932373	12.07177734375	9.556334495544434	11.38313674926758	17.67999076843262	7.857907772064209	10.96195793151855	12.22986030578613	10.82205486297607	11.32334423065186	14.45532894134521	9.905312538146973	15.89271545410156	10.07282447814941	11.098219871521	10.31224346160889	10.96677780151367	11.83252239227295	10.37082767486572	11.93822574615479	16.40478515625	12.26664447784424	8.917802810668945	11.95567607879639	11.47150802612305	10.18341445922852	11.84056186676025	11.35025405883789	12.27459621429443	11.99160575866699	12.36235046386719	11.93862819671631	9.137548446655273	16.15338516235352	9.699873924255371	15.37400913238525
165	180	9.180974960327148	8.538092613220215	9.850419998168945	14.99740982055664	10.58368015289307	7.242099285125732	9.964642524719238	7.905527591705322	8.971657752990723	9.334917068481445	8.429981231689453	8.257362365722656	7.655520439147949	8.375880241394043	11.76558208465576	8.348554611206055	9.262757301330566	15.07835960388184	8.93826961517334	7.052590847015381	9.281977653503418	9.735139846801758	7.127519607543945	6.563128471374512	9.644036293029785	6.489081382751465	13.66873836517334	10.22110271453857	11.80936908721924	15.71992778778076	8.214834213256836	16.04636383056641	15.23958206176758	13.82994747161865	10.32043075561523	11.91889572143555	17.23737716674805	9.81080436706543	11.16733360290527	13.09958934783936	11.64504528045654	12.02471542358398	16.46037101745605	10.44878578186035	14.22474479675293	10.80004405975342	11.67098903656006	8.4066162109375	11.70347595214844	12.4067211151123	11.26384735107422	12.73177528381348	13.77943897247314	12.31289672851562	10.500168800354	13.26400470733643	12.33276748657227	9.676359176635742	12.28272914886475	11.77574062347412	11.84359073638916	11.75876045227051	13.30588150024414	11.89562034606934	9.225479125976562	12.87178707122803	10.57633018493652	13.14518928527832	9.341221809387207	11.64912700653076	14.98729801177979	6.745113372802734	10.89013385772705	12.9259090423584	10.6285228729248	12.97935581207275	14.37761974334717	9.773288726806641	14.89731311798096	10.31665134429932	11.60704135894775	8.358175277709961	10.00176048278809	12.87548732757568	11.28092384338379	11.88243293762207	13.27841663360596	12.32748222351074	9.936894416809082	11.77613067626953	11.63824272155762	10.31608104705811	11.82549953460693	11.37633514404297	12.18431663513184	12.05051231384277	11.47565078735352	13.36739158630371	9.106719970703125	13.71181011199951	10.38917541503906	15.32707118988037
180	195	9.837642669677734	8.944381713867188	9.368572235107422	14.61657905578613	10.45740699768066	8.53254508972168	9.976668357849121	9.709316253662109	8.264430046081543	9.146050453186035	8.167856216430664	8.212876319885254	8.250972747802734	9.376880645751953	8.788743019104004	8.707347869873047	8.914178848266602	15.2208948135376	9.466604232788086	7.657135009765625	10.10464572906494	9.131819725036621	8.702877044677734	6.886523723602295	10.70635223388672	8.048081398010254	14.45818710327148	10.24620723724365	11.89742851257324	13.33382225036621	9.324055671691895	15.40822696685791	15.52423286437988	11.78537559509277	10.5783748626709	10.78629684448242	15.00484943389893	9.50971508026123	11.06847381591797	13.34121322631836	11.5417308807373	13.66801452636719	15.77076530456543	10.66818523406982	15.65340232849121	10.96882343292236	12.11800670623779	8.638455390930176	12.31288051605225	12.91174697875977	11.91120147705078	10.88607883453369	16.04513359069824	13.89623737335205	9.502405166625977	13.87211227416992	12.2017650604248	11.03274726867676	11.96499156951904	12.46436786651611	12.62109851837158	12.24549961090088	13.4005012512207	12.49362373352051	10.59642505645752	11.02270698547363	8.916510581970215	14.17262554168701	8.384872436523438	10.64657402038574	17.22195434570312	8.589053153991699	10.83268547058105	13.41331577301025	10.41792964935303	13.38658142089844	14.98269748687744	9.447550773620605	14.22434520721436	10.97160148620605	10.75971698760986	8.277690887451172	11.87306976318359	11.71455001831055	11.74545001983643	12.26477718353271	14.93893337249756	12.447829246521	9.400568008422852	12.18008613586426	12.21072006225586	10.04078578948975	12.10368633270264	12.21280479431152	12.81781482696533	12.1823558807373	12.3412389755249	11.98518085479736	8.125399589538574	11.29552936553955	9.974069595336914	15.34132862091064
195	210	9.967926979064941	9.07766056060791	9.612593650817871	15.30685520172119	10.88487434387207	7.405539035797119	11.21423530578613	8.531682014465332	8.629009246826172	9.160070419311523	9.73538875579834	8.333145141601562	11.35000133514404	7.583765029907227	8.552525520324707	8.702330589294434	9.10944652557373	15.65152359008789	10.17411804199219	7.456564903259277	10.54919910430908	10.1122465133667	8.431581497192383	6.076955318450928	6.959708690643311	7.26988410949707	13.30562305450439	10.4461555480957	11.95757579803467	15.24444675445557	8.279281616210938	15.38744068145752	15.86153507232666	13.76251125335693	9.386735916137695	10.99874019622803	14.45578670501709	10.73585510253906	11.22037601470947	13.07621669769287	12.41750431060791	12.30183887481689	15.63157176971436	11.30615425109863	14.40471839904785	11.50127792358398	12.0835018157959	11.35692596435547	11.49776077270508	12.16391658782959	14.11837196350098	12.26733779907227	14.37275505065918	13.09119033813477	12.58120727539062	13.47723007202148	13.12917423248291	11.40016078948975	13.12684059143066	11.57320213317871	13.83901596069336	12.46994781494141	13.4811897277832	12.26664352416992	10.44162368774414	11.7060604095459	10.852126121521	13.62773704528809	8.140476226806641	11.70816135406494	14.21797847747803	10.48263072967529	11.89014720916748	12.75887298583984	11.04475498199463	12.47830486297607	15.18828678131104	9.801936149597168	14.94940567016602	10.95004653930664	11.98457717895508	10.20062637329102	10.13705921173096	11.78566932678223	11.98360824584961	11.40889167785645	13.54477596282959	12.59112071990967	9.478865623474121	12.38746643066406	12.13943481445312	9.108108520507812	12.75527286529541	12.50881958007812	12.85288143157959	13.00748348236084	12.82750606536865	12.66582870483398	11.41852283477783	14.48997020721436	10.22264289855957	15.94995021820068
210	225	10.42344665527344	8.928770065307617	10.25911903381348	15.27485752105713	10.78682041168213	8.816572189331055	11.18233299255371	8.392000198364258	8.381559371948242	9.538506507873535	8.607597351074219	8.080694198608398	9.414346694946289	9.187448501586914	7.598619937896729	9.01712703704834	10.79792881011963	15.19415950775146	10.49282169342041	6.431146144866943	11.1428050994873	8.5380859375	9.491205215454102	6.613027095794678	8.793457984924316	8.826618194580078	8.807538986206055	10.01707935333252	12.0008020401001	14.52883052825928	7.461073875427246	14.94795989990234	15.95712184906006	13.90904521942139	9.944048881530762	11.52319145202637	15.88411426544189	10.77151870727539	11.0304708480835	13.45956134796143	12.48462867736816	14.23985862731934	16.13315963745117	11.1209135055542	14.57949924468994	10.98961067199707	12.26086807250977	6.999767303466797	11.69494533538818	13.82271099090576	12.56115436553955	12.63120460510254	16.16188049316406	13.53803730010986	9.788373947143555	12.79503917694092	11.39078998565674	11.03598403930664	12.99466228485107	12.02090167999268	13.02594757080078	12.26751518249512	13.21840667724609	14.51208019256592	11.64951801300049	9.061078071594238	9.539018630981445	14.53073596954346	8.790702819824219	12.5885181427002	16.28121757507324	7.86780309677124	11.24696159362793	13.38408374786377	11.37446403503418	12.63141632080078	15.17972660064697	10.31797409057617	15.84930992126465	10.86652088165283	11.36776733398438	8.955942153930664	11.24920749664307	11.88756370544434	12.63542556762695	12.20314693450928	17.10231781005859	13.12338066101074	11.48481178283691	12.04612159729004	13.24823665618896	11.10681629180908	12.91499900817871	12.50195789337158	13.11839866638184	12.91153907775879	12.84103870391846	12.64712429046631	8.684544563293457	10.96395492553711	9.35091495513916	15.72751426696777
225	240	10.3157901763916	9.29770565032959	10.59161281585693	15.79859256744385	11.1906099319458	7.865772247314453	10.50345230102539	11.18621349334717	8.520100593566895	8.592775344848633	8.069823265075684	8.453051567077637	10.44596767425537	8.786825180053711	9.851086616516113	9.153160095214844	10.34476375579834	15.82618522644043	9.972966194152832	8.99992847442627	10.85073471069336	11.22259521484375	7.0919508934021	5.825838565826416	10.73241424560547	8.100797653198242	11.94515895843506	10.59067249298096	12.16621780395508	13.46250438690186	8.755839347839355	15.19828701019287	16.24440383911133	13.06382751464844	9.685481071472168	13.0464916229248	15.60701942443848	9.004859924316406	12.46599388122559	14.07983112335205	12.39756298065186	13.39296817779541	16.3476734161377	11.37290287017822	14.92145442962646	11.64461421966553	13.27046203613281	8.133162498474121	12.83511257171631	13.64560031890869	13.53489780426025	13.62952518463135	16.31464195251465	13.02548408508301	11.35399341583252	13.65055751800537	12.51042079925537	9.981636047363281	12.92157363891602	12.48267841339111	13.51403903961182	12.59387111663818	13.45142841339111	15.33096504211426	12.00835037231445	14.19876861572266	10.8229455947876	14.53598594665527	9.19667911529541	11.73651504516602	16.21997833251953	9.141863822937012	11.15773010253906	13.52324390411377	12.39105319976807	13.17030429840088	14.53075122833252	10.60008525848389	15.00421524047852	11.407958984375	12.29755973815918	10.39656543731689	10.78267574310303	13.08823680877686	14.55978107452393	13.10566329956055	16.31312942504883	13.47076988220215	11.69213676452637	13.54787063598633	12.85148525238037	10.41195392608643	13.9482421875	12.33558368682861	12.8552074432373	13.72030448913574	12.5652322769165	11.99338436126709	7.925258636474609	13.25070858001709	9.97099781036377	16.42618942260742
240	270	10.99498081207275	9.569855690002441	10.63517951965332	15.55348587036133	11.12213897705078	9.868292808532715	11.99320888519287	10.48408794403076	9.138466835021973	9.696056365966797	7.925477981567383	8.670429229736328	11.03372383117676	8.560249328613281	9.622908592224121	9.423595428466797	9.995626449584961	15.47971534729004	9.83802604675293	8.4678955078125	11.36143779754639	10.86037540435791	8.802416801452637	8.359657287597656	10.65177345275879	7.931037425994873	11.44792079925537	10.22310352325439	12.22408866882324	14.43711853027344	8.553404808044434	14.94109439849854	16.22517585754395	13.24941635131836	9.575078010559082	13.25011157989502	15.76187419891357	11.41817188262939	12.24487400054932	15.07016372680664	12.46109771728516	11.89476776123047	16.79282760620117	12.16887378692627	14.88548564910889	11.10304546356201	12.59086513519287	10.34532260894775	12.24177742004395	14.51484489440918	12.84140396118164	12.85537624359131	16.50286293029785	14.22811889648438	10.84658813476562	13.5717134475708	13.1010627746582	10.80670261383057	13.69559478759766	12.80512714385986	13.72296905517578	13.12517356872559	13.95134830474854	13.70194911956787	10.69847774505615	14.57172584533691	10.54863739013672	14.63881206512451	10.59062099456787	13.08668804168701	17.01055908203125	9.179601669311523	11.8083381652832	14.550537109375	11.60345458984375	13.02991771697998	15.56429290771484	11.34862041473389	14.37034702301025	11.43945980072021	12.55274677276611	10.11828804016113	11.37563037872314	12.64243125915527	12.2597541809082	12.31930637359619	16.47200202941895	13.07537174224854	8.856696128845215	12.80482196807861	12.44674873352051	10.85778045654297	13.75687599182129	12.58956336975098	14.0575065612793	12.17867851257324	13.37435626983643	12.010817527771	8.129741668701172	13.04406547546387	11.59809398651123	16.10607051849365
270	300	10.81437397003174	9.83984375	10.64361381530762	15.52340412139893	11.69643211364746	8.728970527648926	12.01669597625732	11.09281063079834	8.343758583068848	9.693132400512695	9.020345687866211	8.580849647521973	11.24294662475586	8.349830627441406	11.07215118408203	9.548866271972656	10.1134672164917	15.57718658447266	10.40704154968262	8.423256874084473	10.13122844696045	8.930411338806152	8.468727111816406	6.74885892868042	9.564067840576172	9.36420726776123	11.84947681427002	10.26766586303711	12.18670177459717	14.44022560119629	8.576355934143066	14.91330623626709	16.34050750732422	14.01626205444336	10.42859268188477	12.20021533966064	15.08537197113037	9.880247116088867	12.50469207763672	15.11080265045166	12.5334939956665	12.62015056610107	16.68431663513184	12.12294387817383	15.55803489685059	11.9033784866333	13.19586181640625	9.285223960876465	11.54862213134766	14.50935459136963	13.48900985717773	12.98861980438232	16.64788627624512	14.49933624267578	10.61261081695557	14.65537643432617	13.07600021362305	10.56621646881104	14.12354469299316	13.59230136871338	14.197509765625	13.24660015106201	14.50300788879395	11.73706531524658	10.50595474243164	14.58883571624756	10.75148391723633	12.10473346710205	9.865309715270996	13.02598762512207	16.21788215637207	8.289557456970215	11.48328304290771	14.17863368988037	12.67924022674561	12.24760913848877	16.17332458496094	11.16282844543457	15.63393783569336	11.46064567565918	12.90734958648682	9.44077205657959	13.39420986175537	13.69430351257324	14.34592628479004	14.49131011962891	16.8737621307373	13.4439525604248	9.658186912536621	13.24347877502441	13.43893527984619	11.45727443695068	13.74012470245361	12.18056678771973	13.4657735824585	13.45089817047119	13.93022346496582	11.7761173248291	9.096536636352539	16.16012382507324	11.19771289825439	16.14775943756104
300	330	11.57212066650391	10.11555194854736	10.44894886016846	15.64794445037842	11.43993854522705	8.910078048706055	12.16009330749512	11.59723567962646	8.699688911437988	9.948391914367676	7.725176811218262	8.325068473815918	10.36209583282471	8.105876922607422	11.23796463012695	9.666443824768066	10.25990581512451	15.50912284851074	10.92419815063477	10.23928737640381	11.19097709655762	10.35354995727539	10.21562099456787	6.374683856964111	9.495525360107422	9.180487632751465	10.67889785766602	10.34322071075439	12.18805027008057	15.23789596557617	9.582469940185547	14.85336971282959	16.48850059509277	13.73093414306641	9.863609313964844	12.41734886169434	15.60818958282471	9.618410110473633	13.06554889678955	15.12967681884766	13.80642890930176	13.22986316680908	16.76594734191895	12.57261753082275	15.72364139556885	12.42837142944336	14.08347320556641	9.275404930114746	11.04155731201172	14.69692420959473	15.10094547271729	12.86720657348633	14.13507556915283	14.42634010314941	12.29252815246582	14.33217811584473	13.13282775878906	9.742048263549805	13.92907619476318	14.02806091308594	14.15310764312744	13.9917516708374	14.62146377563477	13.57167339324951	10.59247970581055	14.28963661193848	11.42988777160645	15.86963748931885	10.1491870880127	12.88042831420898	16.5929126739502	8.492681503295898	11.17117786407471	14.43395519256592	12.21283721923828	11.77728176116943	15.79206085205078	11.02550411224365	15.31585216522217	12.34087467193604	13.18822574615479	10.00362586975098	12.17112827301025	13.09113788604736	13.75347328186035	13.48748397827148	16.07228469848633	13.39984130859375	11.61465454101562	13.38931751251221	13.32115840911865	11.91900253295898	13.86836051940918	13.31959438323975	13.8856372833252	13.15106296539307	14.94028091430664	11.76851272583008	9.62865161895752	15.26307582855225	11.2357931137085	16.23528575897217
330	360	11.11453151702881	10.14212894439697	10.78003787994385	15.73684597015381	11.40762329101562	8.934165954589844	12.51810932159424	10.07885074615479	9.040058135986328	9.392887115478516	8.893057823181152	8.363031387329102	12.01311206817627	9.213501930236816	9.58203125	9.890386581420898	10.57649612426758	15.69775390625	10.56609153747559	8.343805313110352	10.88811302185059	9.62995719909668	10.24722099304199	7.391613006591797	10.49506950378418	9.069123268127441	10.27409744262695	10.12761688232422	12.3962574005127	15.05118942260742	8.996101379394531	14.75394535064697	16.49859046936035	15.26484107971191	10.53383350372314	13.35052299499512	16.00431060791016	11.52652168273926	13.2758903503418	15.5333080291748	12.79640960693359	11.99885845184326	17.24062347412109	12.6782865524292	14.89777278900146	11.80690670013428	14.28789138793945	9.987103462219238	12.88721179962158	14.63634014129639	14.3795280456543	13.52035140991211	14.68509769439697	14.74663352966309	10.33527660369873	15.04589939117432	14.06832122802734	11.19631481170654	14.42471694946289	13.62346935272217	14.38723754882812	14.17963886260986	15.57008647918701	13.84485912322998	12.45624542236328	11.89790153503418	11.352952003479	16.42542266845703	10.49779605865479	13.5899829864502	15.5974292755127	8.522239685058594	11.73156070709229	14.09731292724609	12.61055469512939	12.7478609085083	16.03303146362305	11.36822891235352	15.22939014434814	11.93755626678467	13.14672088623047	9.430436134338379	11.74957847595215	14.0882511138916	13.20121479034424	14.28359508514404	16.44014739990234	13.86887359619141	11.30148124694824	13.77037525177002	13.86469554901123	11.67680931091309	14.21627235412598	13.66620922088623	13.92160701751709	14.0988187789917	14.75183200836182	12.76894855499268	11.21047592163086	16.72251510620117	11.49685382843018	16.3501501083374
360	420	11.80602073669434	10.32119369506836	10.61839485168457	15.76039028167725	11.80519580841064	8.605977058410645	13.02561950683594	11.21813869476318	8.24493408203125	9.206653594970703	8.235836982727051	8.761063575744629	10.18497943878174	8.498637199401855	9.986059188842773	10.06765651702881	9.605117797851562	15.3261137008667	11.22256374359131	8.85054874420166	12.77804946899414	10.37425518035889	8.622865676879883	8.143630027770996	10.01977348327637	8.577350616455078	10.56136989593506	10.22086906433105	12.21605968475342	14.65683555603027	9.049098014831543	14.50682544708252	16.38753890991211	14.2089262008667	11.53225708007812	13.02547168731689	16.05066299438477	10.50886535644531	12.8022346496582	15.5926399230957	13.81544303894043	12.36675834655762	17.04813766479492	12.07956695556641	15.03682994842529	12.48089027404785	14.59981250762939	10.81528091430664	12.63715362548828	14.56548690795898	14.51364135742188	14.81645202636719	16.87309837341309	15.49800395965576	12.26047039031982	14.39141178131104	13.84268856048584	12.0690336227417	14.6502685546875	13.78374099731445	14.13031482696533	14.29448986053467	15.07389450073242	13.00114440917969	10.37178325653076	15.11749649047852	10.84706115722656	16.34389114379883	11.12152290344238	12.7147912979126	16.95889472961426	9.089677810668945	12.96148490905762	14.98071098327637	12.85899829864502	12.63398933410645	15.76776695251465	11.56491947174072	16.10525131225586	12.51411914825439	13.49557399749756	10.34188747406006	12.23424625396729	15.1788158416748	13.45570850372314	14.00901985168457	14.82535266876221	14.27731990814209	11.56615829467773	13.10428714752197	13.22050762176514	12.05667400360107	14.26601409912109	13.22729015350342	14.33548259735107	13.37585926055908	14.53997325897217	13.49732971191406	9.534916877746582	14.1552562713623	12.67279624938965	16.25500297546387
420	480	11.74762153625488	10.63439083099365	10.48806190490723	15.1031494140625	11.64126396179199	10.26017189025879	12.05790042877197	9.922030448913574	8.602386474609375	9.598415374755859	8.645634651184082	8.356334686279297	11.05296325683594	8.998470306396484	9.678835868835449	10.23069095611572	10.54465389251709	15.25768184661865	10.61640644073486	9.056404113769531	12.04999160766602	10.96926403045654	8.732754707336426	8.766783714294434	11.5269021987915	8.656737327575684	11.44784164428711	10.29053592681885	12.27742481231689	15.04212093353271	9.127391815185547	14.31147384643555	16.57235527038574	15.45713329315186	10.77987194061279	13.66745376586914	15.88999462127686	10.33117771148682	13.25083160400391	15.77499961853027	13.8504810333252	12.4935884475708	17.24345779418945	12.68916034698486	15.47029304504395	12.84538555145264	14.18514919281006	10.49981594085693	12.3488826751709	14.67326641082764	15.22027015686035	13.84376811981201	15.12986946105957	15.26355361938477	12.53200435638428	14.82477283477783	14.21800136566162	11.16666793823242	15.23191261291504	14.2630786895752	14.05772304534912	14.24149417877197	15.36361026763916	11.49510955810547	11.0646390914917	13.31372356414795	11.95727062225342	16.26035118103027	11.06124973297119	13.36737728118896	16.48949241638184	8.725517272949219	12.30175399780273	14.99115180969238	12.5442476272583	11.49359226226807	16.43897819519043	11.97628879547119	14.66132926940918	12.97104072570801	14.5962085723877	9.191871643066406	11.92743587493896	14.96190357208252	13.99238395690918	14.74446487426758	16.60203552246094	14.33654308319092	11.49244594573975	13.70477485656738	13.48064136505127	11.9268913269043	14.61026000976562	13.55248165130615	13.86526393890381	13.96411800384521	14.41450119018555	12.87278270721436	10.52404403686523	15.2287712097168	12.19445037841797	15.87840366363525
480	540	12.33179950714111	10.84563636779785	10.4074125289917	15.51030921936035	11.73450469970703	10.26611137390137	13.11016464233398	11.17717456817627	9.169662475585938	9.082745552062988	7.277372360229492	8.929655075073242	10.11012268066406	8.549775123596191	12.55157470703125	10.48195838928223	10.52616691589355	14.95825958251953	10.94718360900879	9.992266654968262	12.94254112243652	11.01687908172607	9.840933799743652	7.993372917175293	11.96462249755859	9.33817195892334	10.71386241912842	10.04302215576172	12.19111156463623	14.64403247833252	9.744594573974609	14.13660907745361	16.40425109863281	14.81720066070557	11.7392749786377	13.79359436035156	15.72891998291016	10.4065523147583	13.63409233093262	16.26906585693359	14.44121170043945	11.92032146453857	16.53302383422852	13.50467014312744	15.56330871582031	12.63956546783447	14.29069709777832	10.42422866821289	12.5452995300293	15.43016624450684	15.1749324798584	12.76388072967529	16.27262115478516	15.22066593170166	11.93340873718262	15.63093185424805	13.8486385345459	11.65118312835693	14.98974514007568	14.35845565795898	14.36894130706787	14.74481678009033	15.87848663330078	13.46186923980713	11.91836071014404	13.89140129089355	12.01599597930908	14.46230411529541	11.4648323059082	13.85956859588623	16.26596450805664	10.12008666992188	12.14545726776123	15.15876388549805	13.43327713012695	11.87959861755371	16.3657283782959	11.8180570602417	14.89789009094238	13.22593212127686	13.88196277618408	11.00293064117432	12.14467239379883	14.3594331741333	13.98231792449951	14.57287693023682	15.33678150177002	14.419508934021	11.58116340637207	13.85039234161377	13.44875335693359	11.55173587799072	14.66650485992432	13.29398345947266	14.69846057891846	14.29752635955811	14.81692314147949	11.61415386199951	9.901337623596191	15.23383140563965	11.80508136749268	15.98828315734863
540	600	11.70722579956055	10.68954277038574	10.25957489013672	14.72894191741943	12.50717544555664	9.455062866210938	11.38910293579102	10.97651958465576	8.494271278381348	9.507573127746582	9.710023880004883	8.445086479187012	10.27416801452637	8.827964782714844	8.9656982421875	10.53096771240234	10.17994499206543	15.03343677520752	10.24052906036377	9.881174087524414	12.2083911895752	11.4552755355835	9.299297332763672	8.487536430358887	10.67340850830078	8.440639495849609	11.23416233062744	9.932442665100098	12.10294628143311	12.87483596801758	9.635993003845215	14.02788829803467	16.27137565612793	14.7602481842041	11.23318576812744	14.12210083007812	14.79299259185791	11.60718441009521	13.44613933563232	15.90322113037109	14.10729598999023	12.84655857086182	16.41584777832031	13.21096611022949	15.21802139282227	12.5682544708252	15.17002391815186	9.158500671386719	11.98691749572754	15.55089855194092	14.80172824859619	14.02345943450928	16.3056697845459	14.81093883514404	12.34058284759521	15.27748394012451	14.19290542602539	12.59555530548096	15.07779693603516	14.05758571624756	14.18745613098145	14.96322631835938	16.1986141204834	11.33974456787109	10.77858066558838	14.71979236602783	12.37479209899902	15.29084014892578	12.15859699249268	13.65960502624512	15.75469875335693	10.44681644439697	12.86273956298828	15.11217784881592	12.86289691925049	11.89435195922852	16.52514266967773	12.43204021453857	15.2507905960083	13.00017642974854	13.63271903991699	10.79553318023682	12.50588798522949	15.49855041503906	13.04867458343506	14.93231582641602	14.87396430969238	14.57792377471924	11.85117721557617	13.54167938232422	13.36525535583496	12.3733549118042	14.79750633239746	14.18223476409912	14.35470676422119	13.38669586181641	14.35435771942139	12.45891284942627	10.6329870223999	13.24514007568359	12.48401546478271	15.54910278320312
600	750	12.26320266723633	10.77715492248535	10.28756237030029	14.55860042572021	11.71280384063721	10.59791469573975	12.701584815979	11.46639728546143	9.006210327148438	9.012502670288086	8.083688735961914	8.857706069946289	11.33973598480225	8.935193061828613	12.69415092468262	10.59796619415283	10.51996040344238	14.63209533691406	10.50692176818848	9.941940307617188	12.93959999084473	10.81702327728271	9.582307815551758	8.09281063079834	11.44652366638184	9.052571296691895	11.29994487762451	9.544401168823242	11.89648151397705	13.89831256866455	9.964618682861328	13.68051147460938	16.09437942504883	15.21804714202881	12.1642894744873	14.37445735931396	15.45156860351562	10.58639717102051	13.47636222839355	15.92572021484375	13.9197244644165	11.41131210327148	16.36627388000488	12.90454769134521	15.18560409545898	12.9559497833252	14.70129585266113	10.32100868225098	12.66954898834229	14.97898483276367	15.18163681030273	13.97247695922852	14.75225639343262	14.67018890380859	11.68287086486816	14.89132881164551	13.85784530639648	12.18004703521729	15.2414379119873	13.99705219268799	14.15688896179199	14.39481353759766	15.23174858093262	11.62718105316162	11.37899017333984	13.57797527313232	11.738694190979	16.10239601135254	11.7404670715332	13.37574672698975	16.26644515991211	9.483023643493652	12.90947532653809	14.92722702026367	12.84959602355957	11.06335830688477	15.98867321014404	12.48917293548584	14.94537258148193	13.19022464752197	14.11473274230957	10.61604595184326	11.84231472015381	14.31629085540771	14.0128116607666	14.50834274291992	16.24237251281738	14.12606525421143	10.78055667877197	14.10594177246094	13.88458251953125	12.85415458679199	14.68139457702637	14.00254535675049	13.9418249130249	14.12825489044189	14.41523265838623	13.05686855316162	11.58768177032471	14.94437885284424	12.55224704742432	15.26689195632935
750	900	11.52700996398926	10.72041702270508	10.52520179748535	14.04573154449463	11.33848857879639	10.24932670593262	12.12143611907959	10.00316715240479	8.850202560424805	9.75413703918457	9.249308586120605	8.802272796630859	12.34343242645264	8.746197700500488	10.48482418060303	10.43546295166016	9.749584197998047	14.0527286529541	10.59506416320801	9.315511703491211	11.46533966064453	9.28758716583252	9.960780143737793	7.876911163330078	12.13583755493164	8.532803535461426	11.92891979217529	9.525981903076172	11.7078742980957	12.27864170074463	9.88999080657959	13.28342151641846	15.78880405426025	14.7570333480835	11.88358306884766	13.76044082641602	14.59103870391846	10.23277187347412	13.20819568634033	15.73503112792969	13.71850776672363	11.62149047851562	15.87361431121826	12.9412317276001	14.4498815536499	13.03916645050049	14.42895221710205	10.11550521850586	12.62888336181641	15.12708854675293	14.63828277587891	13.63333129882812	15.14581775665283	14.85905838012695	12.37977886199951	14.42479038238525	13.64456081390381	12.79525375366211	14.89645481109619	14.0673360824585	14.07985877990723	14.69946002960205	15.40009117126465	12.26364040374756	11.82296085357666	14.56501960754395	11.76841259002686	15.37846183776855	11.96712303161621	13.57332420349121	15.58990287780762	10.37388515472412	12.90784072875977	14.82419109344482	12.82147312164307	11.18076324462891	15.80661010742188	12.52600860595703	14.60304927825928	13.25787448883057	14.21564388275146	10.46167945861816	12.72618770599365	15.21752071380615	13.97198295593262	13.72043704986572	15.22061920166016	13.79742908477783	11.14879417419434	13.46277809143066	13.32347965240479	13.05413436889648	14.73551177978516	13.67105960845947	13.83431720733643	13.78230857849121	14.71837520599365	12.50589942932129	10.22767448425293	14.54225730895996	11.87268447875977	14.69323015213013
900	1050	11.73440837860107	10.52569580078125	10.02926540374756	13.76713085174561	11.7693977355957	10.16596794128418	11.66692924499512	8.915875434875488	8.934201240539551	9.804483413696289	8.995827674865723	8.456707000732422	10.66440582275391	8.303340911865234	9.580653190612793	10.31240367889404	9.908885955810547	14.09721183776855	10.60439586639404	9.337610244750977	11.93221378326416	8.854809761047363	9.641119956970215	7.605541229248047	12.40426158905029	8.954503059387207	11.89057159423828	9.269990921020508	11.54434967041016	13.70782279968262	9.333365440368652	12.89366340637207	15.55484294891357	14.99774074554443	11.76050281524658	14.04875469207764	14.86281204223633	11.18683433532715	13.04474067687988	15.31803798675537	13.47516059875488	11.27697658538818	15.73875999450684	13.05214214324951	14.72041511535645	13.24191284179688	14.48125076293945	11.24816799163818	11.43980884552002	14.30611133575439	14.16738796234131	13.57215309143066	16.22642707824707	14.61451053619385	11.77469635009766	14.86934661865234	14.1076545715332	12.73231029510498	14.56976127624512	13.50743198394775	13.43846893310547	14.39602279663086	15.38790321350098	12.77590274810791	11.16598987579346	13.18721771240234	12.49235820770264	14.84523010253906	12.3124942779541	13.11193084716797	15.61971569061279	8.797894477844238	12.7862491607666	14.95594024658203	12.46829223632812	11.66951656341553	15.78063297271729	12.86937427520752	14.88762378692627	13.19954586029053	13.81518173217773	10.10561656951904	12.67209243774414	14.29053783416748	13.70070648193359	14.07082080841064	15.28373336791992	13.66823768615723	12.114089012146	13.60411834716797	13.50661277770996	11.89506816864014	14.72988796234131	13.36302661895752	13.70005416870117	13.44470024108887	14.19503211975098	12.07569217681885	10.17854309082031	13.80074405670166	12.33739471435547	14.61287546157837
1050	1200	11.03267288208008	10.46171092987061	9.797784805297852	13.83125972747803	11.36609840393066	9.111716270446777	11.34688091278076	9.945140838623047	8.757036209106445	10.59015560150146	8.105623245239258	8.637029647827148	11.94886016845703	8.439703941345215	10.42734527587891	10.24652290344238	9.740779876708984	13.85125064849854	9.83643627166748	9.884566307067871	11.3641414642334	9.440243721008301	9.70756721496582	8.413902282714844	11.12228965759277	8.179747581481934	12.2031135559082	9.175456047058105	11.35225677490234	13.08895683288574	10.24062919616699	12.71507358551025	15.25322437286377	14.45004844665527	12.61071491241455	13.42308044433594	14.07583999633789	10.6789665222168	12.42140769958496	15.06340599060059	13.47676372528076	11.67782783508301	15.54872131347656	13.14608001708984	13.80227947235107	12.43793392181396	14.56714820861816	11.26855659484863	12.38351154327393	14.20887184143066	14.95262813568115	13.18114566802979	15.95439624786377	14.61106109619141	12.20780086517334	14.07182312011719	13.34849452972412	12.57576847076416	15.00941181182861	13.74276447296143	13.74587631225586	13.94836521148682	15.09415817260742	12.65828227996826	11.08637237548828	13.55285358428955	12.34417057037354	15.12916660308838	12.12195205688477	13.03910255432129	14.75126171112061	8.285101890563965	12.61896324157715	14.5032434463501	12.93347358703613	11.0755729675293	16.07525444030762	11.8748254776001	14.50533485412598	13.18386077880859	13.61532115936279	10.98197746276855	11.90645790100098	14.40191555023193	14.18182277679443	14.03620719909668	15.63778877258301	13.65943145751953	12.20866775512695	13.28797721862793	13.17866325378418	12.0760498046875	14.18822002410889	13.22979068756104	13.47329998016357	13.57329940795898	14.23249912261963	12.90480327606201	10.11190700531006	13.54512596130371	12.89810466766357	14.55386257171631
1200	1500	11.16183090209961	10.32663440704346	10.55959415435791	13.75514888763428	11.33356952667236	9.848799705505371	10.66567039489746	10.42549419403076	8.610788345336914	10.31899833679199	9.906940460205078	8.567405700683594	11.04292964935303	9.756460189819336	10.06702518463135	10.13824939727783	9.895216941833496	13.6622486114502	10.18858242034912	10.10675144195557	10.84655952453613	9.195398330688477	9.232731819152832	9.091419219970703	11.120436668396	8.371753692626953	12.41541385650635	9.016716957092285	11.22328186035156	12.75499057769775	10.09631252288818	12.51694679260254	14.92649555206299	14.6906270980835	11.85403823852539	13.77839279174805	14.61525917053223	11.07649040222168	12.81710052490234	15.01701545715332	13.61306953430176	11.64543151855469	15.58709716796875	12.69393920898438	13.77625751495361	13.03546333312988	13.72938919067383	9.992799758911133	11.53215217590332	14.89669609069824	14.5132417678833	13.12607574462891	15.27436828613281	14.20290756225586	12.51189994812012	14.43062114715576	13.38304233551025	11.77573394775391	14.59955310821533	13.85121250152588	13.66045570373535	14.08997249603271	14.8099946975708	12.5706958770752	9.838119506835938	14.53164196014404	11.67046642303467	15.07052421569824	11.36239051818848	13.38512516021729	14.84758949279785	10.12822818756104	12.19386863708496	14.43004989624023	12.80813884735107	11.51609134674072	15.62972259521484	12.34675884246826	14.39615726470947	12.47030258178711	13.85075187683105	11.079833984375	12.00933742523193	14.17196941375732	13.71719646453857	13.72196292877197	15.19001483917236	13.79907131195068	11.55109691619873	13.27225875854492	13.56585025787354	12.82851314544678	14.42773532867432	13.14252758026123	13.4769926071167	13.0831880569458	14.39182090759277	12.81717681884766	10.23526954650879	13.78637409210205	12.54967021942139	14.41097211837769
1500	1800	10.88652610778809	10.22720146179199	9.914764404296875	13.72663021087646	11.2258939743042	9.363031387329102	10.9412784576416	9.127103805541992	8.504668235778809	10.31131649017334	9.579799652099609	8.495108604431152	10.95131206512451	8.42052173614502	9.597371101379395	9.920139312744141	9.865428924560547	13.76753234863281	9.941280364990234	9.400671005249023	10.62134265899658	8.596471786499023	9.744311332702637	9.421201705932617	10.57773876190186	7.628994941711426	11.81707286834717	8.943835258483887	11.04589080810547	14.01459693908691	10.47867202758789	12.35310459136963	14.49712753295898	15.11930370330811	12.77621078491211	13.71212100982666	14.64808750152588	10.35116577148438	12.37430858612061	14.89015769958496	13.25723171234131	11.4859561920166	15.58992385864258	12.97295570373535	14.42905330657959	12.46645069122314	13.73482418060303	10.26654434204102	11.35709762573242	14.76091194152832	14.71745014190674	13.59040069580078	16.01863098144531	14.45257759094238	12.57465648651123	14.24441528320312	13.04631900787354	12.58049011230469	14.34789562225342	13.50645923614502	13.33609485626221	13.71384525299072	14.6632604598999	11.62232208251953	11.87739658355713	14.12572288513184	12.26784896850586	15.92224788665771	12.75034999847412	13.35855674743652	15.48334121704102	9.376692771911621	12.94277191162109	14.53315544128418	12.92360496520996	11.93099308013916	15.51153755187988	12.0860424041748	14.11862277984619	12.83660316467285	13.61871433258057	11.15458106994629	11.66771507263184	14.07513618469238	13.61799716949463	13.90407180786133	16.62132835388184	13.58450126647949	11.72613716125488	13.33737564086914	13.14069938659668	12.83472347259521	14.31347370147705	13.2726354598999	13.49385452270508	13.56734371185303	14.09044742584229	12.57701683044434	11.01566028594971	14.28131103515625	12.05969524383545	14.47784471511841
1800	2100	10.76614189147949	10.0987663269043	10.40410995483398	13.80125045776367	11.18029499053955	8.961886405944824	10.79476547241211	8.35643196105957	8.74769115447998	10.33771991729736	9.637414932250977	8.48674201965332	9.911945343017578	8.411194801330566	9.993670463562012	9.919841766357422	10.01082038879395	14.13409423828125	10.39821338653564	8.883029937744141	10.53701496124268	8.264596939086914	9.611886024475098	7.528714179992676	9.086811065673828	8.489933967590332	13.1089916229248	8.691329956054688	10.84747982025146	13.71255588531494	10.36347770690918	12.2320499420166	14.10876941680908	13.76656818389893	11.74168968200684	13.70029640197754	14.51635646820068	10.29857444763184	12.6384391784668	15.16993713378906	13.22124576568604	10.66035842895508	15.50253486633301	12.61311340332031	14.32676315307617	12.47142219543457	14.22948932647705	9.966498374938965	11.83824634552002	14.36452388763428	14.14650058746338	13.67902851104736	16.08664703369141	14.67865467071533	12.1721773147583	14.20750904083252	12.95019054412842	13.12754726409912	14.49047088623047	13.30074119567871	13.38973426818848	14.13670444488525	14.67816638946533	11.62286186218262	11.41415882110596	14.61607646942139	11.83976364135742	15.32745456695557	12.89899730682373	13.66391563415527	15.83510303497314	9.36611270904541	12.51906871795654	14.48729419708252	12.50800514221191	11.33442687988281	15.59759521484375	11.8391227722168	14.87721347808838	12.5220890045166	13.39157676696777	11.11152362823486	11.88388061523438	14.20660591125488	13.22284126281738	14.35922813415527	16.84943008422852	13.53482532501221	12.72272396087646	13.45296192169189	13.17830371856689	12.25331687927246	14.14894485473633	13.3330774307251	13.64225292205811	13.03776931762695	14.24081802368164	12.61971664428711	9.329999923706055	12.14142513275146	11.70894622802734	14.75583267211914
2100	2400	10.98228645324707	10.03438091278076	10.21112728118896	13.97635173797607	11.90411376953125	9.286850929260254	11.39071083068848	9.292437553405762	9.222255706787109	10.05737209320068	9.426941871643066	8.557388305664062	11.21549415588379	8.973292350769043	11.95027828216553	9.886224746704102	10.11407947540283	13.97349643707275	10.38177585601807	8.495077133178711	10.64087581634521	8.15874195098877	10.0193395614624	10.09949016571045	9.085249900817871	7.998169422149658	12.49963855743408	8.729941368103027	10.75653553009033	14.33753204345703	10.72974967956543	12.25799942016602	13.89369869232178	14.60821723937988	12.63515853881836	13.57701301574707	15.06638431549072	10.75379276275635	13.16310596466064	15.06273937225342	13.66849708557129	11.32422828674316	15.64398670196533	12.61397552490234	15.08554077148438	13.20314025878906	13.75970840454102	10.34902763366699	12.45794677734375	14.46020603179932	14.52532291412354	13.07247638702393	16.32277488708496	14.4049186706543	12.03487396240234	14.41353702545166	13.86669826507568	12.40030384063721	14.26630210876465	13.62553691864014	13.5149974822998	13.6895227432251	14.41428184509277	11.06672382354736	11.43203163146973	13.57145023345947	11.88556098937988	14.76271820068359	11.56914138793945	13.82111930847168	15.15428638458252	9.566720962524414	12.66207599639893	15.03435802459717	12.89320087432861	11.85565567016602	15.8150806427002	11.56334781646729	14.80070304870605	12.62389755249023	13.48571586608887	10.74102210998535	12.7348575592041	14.84316539764404	13.85763359069824	14.39501857757568	17.07633399963379	13.90998935699463	11.75372791290283	13.33943653106689	13.64527606964111	13.01522541046143	14.57696151733398	13.05020236968994	13.71298694610596	13.42966842651367	14.18913173675537	13.08019638061523	10.96107578277588	14.438232421875	11.71186447143555	14.78865909576416
2400	2700	10.59225559234619	10.06739711761475	10.21099662780762	14.1516637802124	11.49290752410889	9.386388778686523	10.05523014068604	7.908998489379883	8.741996765136719	10.4627103805542	9.482014656066895	8.318429946899414	10.35382461547852	8.727167129516602	10.36415481567383	9.836508750915527	10.10955905914307	14.3482608795166	10.34002017974854	8.365643501281738	10.15652084350586	8.360467910766602	10.54603099822998	8.180217742919922	11.47402286529541	7.667926788330078	12.84017467498779	8.678953170776367	10.71932792663574	13.13190174102783	11.03205490112305	12.26966571807861	13.65244674682617	14.68937492370605	11.69611549377441	13.42654228210449	15.94397449493408	10.15819549560547	13.19686985015869	15.39016437530518	13.46089363098145	11.74404525756836	16.08379173278809	12.56968593597412	14.00066757202148	12.36427974700928	14.25435352325439	11.5354175567627	11.74164485931396	14.14577770233154	14.65706062316895	13.22397422790527	16.09619140625	14.47954845428467	12.73532772064209	14.49735069274902	13.72796058654785	10.9413948059082	14.46652793884277	13.76941680908203	13.43212127685547	14.29883575439453	14.61748886108398	12.22455310821533	11.28354167938232	13.09893989562988	12.23552894592285	14.31385898590088	11.08648777008057	13.52004623413086	16.13618850708008	8.992230415344238	13.20265674591064	14.89661979675293	12.79034042358398	11.59847927093506	15.61192512512207	12.23213863372803	14.06096458435059	12.74364852905273	13.37115478515625	11.789381980896	11.54881763458252	14.280686378479	13.32868385314941	14.38943576812744	15.92162609100342	13.821946144104	12.20178031921387	14.00063896179199	13.60313510894775	13.10380077362061	14.60237789154053	13.2195291519165	13.47369575500488	13.31728267669678	14.31952381134033	12.45678806304932	9.770049095153809	13.62753295898438	12.47297477722168	15.1398777961731
2700	3000	10.73074722290039	9.983516693115234	10.26412200927734	14.10611629486084	11.87112998962402	8.614344596862793	10.51096725463867	8.13778018951416	9.416646003723145	10.05621719360352	8.973855018615723	8.913108825683594	11.04703998565674	9.203973770141602	11.30148792266846	9.767998695373535	10.39866638183594	14.41598320007324	10.48972511291504	9.054536819458008	10.30261039733887	7.91419506072998	10.20590591430664	8.473934173583984	11.34276962280273	8.475569725036621	13.27591228485107	8.644417762756348	10.56829357147217	14.31337547302246	10.751784324646	12.23495388031006	13.50945663452148	14.45565700531006	11.90845966339111	13.95694255828857	15.40128517150879	10.37302780151367	13.0029878616333	14.834397315979	13.45673370361328	11.83165645599365	15.73425960540771	12.83407020568848	14.62302589416504	12.55803203582764	13.98049354553223	11.74857807159424	12.08090400695801	15.15902328491211	15.29644870758057	13.17143058776855	16.95938682556152	14.41853618621826	12.86541271209717	14.50180721282959	13.58651065826416	12.28864574432373	14.98407745361328	13.98501491546631	13.49274158477783	13.63135147094727	14.81656265258789	12.00951862335205	10.62786483764648	15.19559574127197	12.4246187210083	14.8672513961792	11.96076488494873	13.72117328643799	15.47713947296143	9.919730186462402	12.7339563369751	14.83263874053955	12.8626651763916	10.96774482727051	15.79772853851318	12.22979545593262	14.76732635498047	12.80550861358643	13.90108871459961	10.83779335021973	12.12949848175049	12.89655780792236	14.14800643920898	14.69254875183105	16.76453018188477	13.86823463439941	12.46952724456787	13.92470932006836	13.92421531677246	13.30047798156738	14.36260032653809	13.14418125152588	13.67006874084473	13.41211605072021	14.31428241729736	12.79528903961182	11.09794616699219	13.80106544494629	12.39698696136475	15.16306161880493
3000	3300	11.39242935180664	10.0409107208252	10.37576770782471	14.09755611419678	11.5411548614502	9.426878929138184	11.72708034515381	8.564481735229492	8.506949424743652	11.55912780761719	9.78987979888916	8.03958797454834	10.61927032470703	9.130612373352051	11.58734798431396	9.845351219177246	10.62814617156982	14.37515640258789	10.78678035736084	9.100063323974609	10.83505535125732	8.664565086364746	10.6531867980957	9.402328491210938	10.86247158050537	7.866867065429688	11.96413230895996	8.475722312927246	10.50082397460938	13.37259197235107	11.20427131652832	12.35527610778809	13.32963562011719	15.19260597229004	12.87841415405273	13.38367748260498	15.8607931137085	11.34568119049072	13.4879264831543	15.24935531616211	13.62467479705811	11.07958030700684	15.81289196014404	13.46326065063477	15.23182678222656	13.18647289276123	14.51253128051758	11.8367166519165	11.95206642150879	14.56662368774414	14.11221885681152	13.49563980102539	16.62761878967285	14.44442653656006	13.51482105255127	14.79505157470703	13.80610942840576	12.43037509918213	14.66545295715332	13.62729835510254	13.3898286819458	14.02484893798828	14.75383949279785	11.97432899475098	11.00001907348633	15.48721599578857	12.26564693450928	14.76041984558105	12.2208137512207	13.3136682510376	16.40839195251465	10.36325359344482	13.30471324920654	14.85184574127197	12.71120929718018	11.44041633605957	15.70460319519043	12.62690734863281	14.61593151092529	13.28935050964355	13.79401397705078	11.99155902862549	13.0781774520874	14.01817512512207	13.71206188201904	14.72849082946777	17.0106315612793	13.73994445800781	11.57039546966553	13.56090927124023	13.97078037261963	13.65633201599121	14.55988502502441	13.71000957489014	13.79713916778564	13.72960662841797	14.50512313842773	14.29900932312012	11.2221508026123	14.98865413665771	12.10071849822998	15.10608577728271
3300	3600	10.99449729919434	9.98697566986084	10.04129409790039	14.35645008087158	11.37894630432129	8.970236778259277	11.05198669433594	8.011582374572754	9.535737037658691	10.20401096343994	9.501046180725098	8.22624683380127	10.15575408935547	8.881665229797363	10.28698635101318	9.910897254943848	9.669173240661621	14.45422840118408	10.91154670715332	8.692936897277832	10.38374805450439	9.290582656860352	9.841838836669922	9.306090354919434	9.783591270446777	8.115431785583496	12.61286544799805	8.674962043762207	10.41861629486084	13.75059986114502	12.09726047515869	12.16909408569336	13.10636520385742	15.25248527526855	10.95604419708252	14.38997554779053	16.56081771850586	11.30295085906982	13.50176620483398	15.46962451934814	13.64004802703857	12.09244346618652	15.85921573638916	13.43299388885498	14.5410041809082	12.67213535308838	14.50219535827637	9.969549179077148	11.44113254547119	14.36661815643311	14.05606651306152	13.9687328338623	17.59618186950684	14.97708892822266	13.26829147338867	14.81208896636963	14.0802173614502	14.13843727111816	14.44179344177246	13.87248611450195	14.06405544281006	13.60725498199463	15.22328472137451	11.10823917388916	10.21712303161621	15.88142776489258	12.38477325439453	16.99526023864746	11.42254829406738	13.64400100708008	15.84615993499756	8.801857948303223	12.85007286071777	14.75132274627686	13.1610689163208	12.21172618865967	16.07118797302246	12.07388591766357	15.25174617767334	13.18787097930908	13.60396575927734	11.89988422393799	12.81004047393799	13.04648685455322	13.34939098358154	14.52432346343994	17.24742889404297	14.05773448944092	13.03604793548584	13.50736904144287	13.82841968536377	12.39572429656982	14.48494529724121	13.37058258056641	13.32657241821289	13.77597999572754	14.40246963500977	12.4473705291748	10.46030426025391	16.10639572143555	11.86872577667236	15.37226533889771
